timestamp,tweet_text,username,image,followers_count
2019-06-22 21:35:02,"b'@Skinniefish1981 @kspamplemousse @Gr3Te4rights @Carene40 @Hollenbeck_Girl @Bluesky2R @robertgmz5 @BudGothmog44 @DumpTru37806292 @mootrades @1DumpTrump @_DumptyTrumpty_ @pierrewarrenj46 @redwoodhat @AndyPadrutt @BiddyCranky @Kaiya1212 @SaraLies4Trump @LakersLover77 @beinggerric @Drew_G_Herman @Germaine2511 @MayorSawicki @Ritaflood @wendabijl @CamillVaugeois @VoteEarlyNow @4a_of @peacemaker878 @jopoco_ @fearless1348 @Maltomash @marolan @RENEEWEATHERS2 @SJI2783 @qondoryahoocom1 @FalconeHall Glad to!  I see you are an ENFJ, I am an ENFP  close to your traits!!  \xf0\x9f\x90\xb0\xe2\x9d\xa4\xef\xb8\x8f'",b'mrsbunnylloyd',http://pbs.twimg.com/profile_images/684819086686195713/nXvsjPan_normal.jpg,1903
2019-06-18 19:48:38,"b'@bpickbpick @saramisgen I am an ENFP so I\xe2\x80\x99m like, \xe2\x80\x9cI would *love* to have a clean home but I have just recently intuited some feelings I need to feel and I perceive this would be best done in a large group setting\xe2\x80\x9d'",b'erinjeanwarde',http://pbs.twimg.com/profile_images/1129480016889294848/DgDwr3ye_normal.jpg,2950
2019-06-17 19:16:22,b'i just took the 16 personalities test and i am an enfp.. guess who else is an enfp',b'magicshopIive',http://pbs.twimg.com/profile_images/1142124919133593600/qk2a6YvW_normal.jpg,6457
2019-06-17 13:20:26,b'@acshawYA see the Myers-Briggs was just so spot on for me! I am an ENFP through and through. I couldn\xe2\x80\x99t place myself as anything else. But Enneagram has given me an existential crisis lol',b'brokeandbookish',http://pbs.twimg.com/profile_images/610089454917844992/XYPRpPru_normal.jpg,13685
2019-06-15 14:26:31,b'@youkeepmeright I have tried to understand it but just saying I am an ENFP seems easier lol',b'ukthxbyek',http://pbs.twimg.com/profile_images/1135702016330625024/9sauXAQk_normal.png,230
