timestamp,tweet_text,username,image,followers_count
2019-06-28 18:06:31,b'I mean not directly but i am an ENFP. I know what you mean between the lines :) sigi na kunin ko na ung work pero crush deactivated. Sadt.',b'Blinkonicxz',http://pbs.twimg.com/profile_images/1144996190536101889/4XPlXj2Y_normal.jpg,209
2019-06-27 19:58:03,b'@jamesgarside_ @teachable I am an ENFP...I say \xe2\x80\x9cDO IT!\xe2\x80\x9d Seriously. I\xe2\x80\x99ve been here for quite a few years and until VERY recently finally started forming some REAL connections.',b'GodsAbundantOne',http://pbs.twimg.com/profile_images/2331640926/image_normal.jpg,267
2019-06-26 02:37:57,"b'I was one of the hankering friends! I am an ENFP, and I\xe2\x80\x99m very glad to have you in the family. https://t.co/gMasoLVN5Y'",b'the_______norm',http://pbs.twimg.com/profile_images/968321842313351182/nk4VZXRO_normal.jpg,293
2019-06-26 02:15:18,"b'7. Is the name of Lil Nas X\xe2\x80\x99s new EP   8. I don\xe2\x80\x99t tweet incredibly often because my mental health and well-being come first.   9. I am an ENFP and 7w6, which means I try to find, as a matter of personality, silver linings in all kinds of gray(son).'",b'grayson_hester',http://pbs.twimg.com/profile_images/1047960518663831552/gRPJ9KCK_normal.jpg,1585
2019-06-23 22:12:02,b'@parkjinwoohoo I DID??! OMG I AM AN ENFP HAHA',b'moonkin_moonbab',http://pbs.twimg.com/profile_images/1144287404217552897/21JoDkFp_normal.jpg,167
2019-06-23 19:37:54,b'they gave me: bi i am: unfortunately straight  they gave me: aries i am: ARIES BOYYYYYYY \xf0\x9f\xa4\x99\xf0\x9f\x8f\xbb  they gave me: has a crush do i: only on superheroes  they gave me: 21 y/o i am: 24 LMAO  they gave me: extrovert  i am: an ENFP so yes definitely',b'superfIybabe',http://pbs.twimg.com/profile_images/1143751796072112128/k54Ntoip_normal.jpg,248
2019-06-23 14:09:54,"b""@h4sy4 ma'am did u know i am an enfp? gotten entp a few times but enfp is the most occurring result lmao""",b'idowanu',http://pbs.twimg.com/profile_images/1128641701487071232/iDHFhuXn_normal.jpg,89
2019-06-22 21:35:02,"b'@Skinniefish1981 @kspamplemousse @Gr3Te4rights @Carene40 @Hollenbeck_Girl @Bluesky2R @robertgmz5 @BudGothmog44 @DumpTru37806292 @mootrades @1DumpTrump @_DumptyTrumpty_ @pierrewarrenj46 @redwoodhat @AndyPadrutt @BiddyCranky @Kaiya1212 @SaraLies4Trump @LakersLover77 @beinggerric @Drew_G_Herman @Germaine2511 @MayorSawicki @Ritaflood @wendabijl @CamillVaugeois @VoteEarlyNow @4a_of @peacemaker878 @jopoco_ @fearless1348 @Maltomash @marolan @RENEEWEATHERS2 @SJI2783 @qondoryahoocom1 @FalconeHall Glad to!  I see you are an ENFJ, I am an ENFP  close to your traits!!  \xf0\x9f\x90\xb0\xe2\x9d\xa4\xef\xb8\x8f'",b'mrsbunnylloyd',http://pbs.twimg.com/profile_images/684819086686195713/nXvsjPan_normal.jpg,2492
