timestamp,tweet_text,username,image,followers_count
2019-06-21 15:11:05,b'@tipsymerlot Yes! I am an entj \xf0\x9f\x92\xaa Whats wrong?',b'blaxmatcha',http://pbs.twimg.com/profile_images/1142668402550435840/g-L40EDG_normal.jpg,2844
2019-06-20 18:52:40,b'My daily motivation is reminding myself that I am an ENTJ like Steve Jobs and an Aquarius like Oprah. https://t.co/7AfxQoPFJG',b'JanetJanes',http://pbs.twimg.com/profile_images/1018875648390000640/wYydmxIS_normal.jpg,313
2019-06-19 20:37:02,b'@AlexandurOnFire Nope. And it\xe2\x80\x99s not about identifying. I am an ENTJ.',b'JPMcGlone',http://pbs.twimg.com/profile_images/942086813006512128/_uNxho9n_normal.jpg,554
2019-06-19 00:26:17,"b'@mojohnsonspeaks @JosephJMiccolis I\xe2\x80\x99m a woman and I am an ENTJ. I am confident enough to take charge of any situation, delegate and do what needs to be done. I\xe2\x80\x99ve also been told I can come off a little insensitive as I don\xe2\x80\x99t act with my emotions but with logic and reasoning. I\xe2\x80\x99ve met more sensitive men than women'",b'reign_atkins',http://pbs.twimg.com/profile_images/1125008530338017280/xPfhJpMl_normal.jpg,3721
