timestamp,tweet_text,username,image,followers_count
2019-06-12 05:34:35,b'what personality type are you? \xe2\x80\x94 uhhhh if we\xe2\x80\x99re talking that official test thing then i am an entj https://t.co/dJjhDwCbB0',b'justSona',http://pbs.twimg.com/profile_images/1115053475757350912/auh9-hYJ_normal.jpg,15316
2019-06-12 03:43:34,"b'@PKBohan I am an ENTJ, and a fellow Author'",b'RLBEchad',http://pbs.twimg.com/profile_images/3202693374/7faf04c8e8d6d4e078afc71e3811f191_normal.jpeg,2749
2019-06-12 02:05:47,b'Finally took the Myers-Briggs. I am an ENTJ go ahead and roast',b'Megan_Hafer',http://pbs.twimg.com/profile_images/1139984951917629441/os-E4rr8_normal.jpg,539
2019-06-07 15:45:23,b'@RafteryKatie I am an ENTJ so I am not surprised by my lower likelihood of finding a compatible partner \xf0\x9f\x98\x82',b'Cemeterylegends',http://pbs.twimg.com/profile_images/1139898284934422530/FxJ0fprQ_normal.jpg,235
