timestamp,tweet_text,username,image,followers_count
2019-06-22 08:48:23,b'@doublearynnie Interesting I am an ENFJ  the protagonist',b'meliekfilms',http://pbs.twimg.com/profile_images/939447144209141761/w-xK3ByU_normal.jpg,72
2019-06-19 07:04:49,b'@MAshleyTurner I AM AN ENFJ SCORPIO TOO. NO. FUCKING. WAY',b'todayisnotreal',http://pbs.twimg.com/profile_images/1140714278854389760/EKjXau2b_normal.jpg,598
2019-06-18 00:55:29,"b'@EmaLaineAuthor I am an ENFJ! Gryffindor too, though I sometimes come across as more of a Hufflepuff \xf0\x9f\x98\x82'",b'EBronwynHinkle',http://pbs.twimg.com/profile_images/1057253829870272512/f-MNvAyb_normal.jpg,842
2019-06-17 23:24:10,"b""@EmaLaineAuthor Apparently I am an ENFJ....I didn't look it up so cant quite remember what it means :)""",b'davethewoodsman',http://pbs.twimg.com/profile_images/2976583247/5699744e76634917a62fcb95d8138342_normal.jpeg,215
2019-06-15 23:12:00,b'@isierranichole I am an ENFJ and this has been me recently.',b'pr3achlikeagirl',http://pbs.twimg.com/profile_images/1090079036779491328/ABkMyFmP_normal.jpg,68
2019-06-14 21:13:25,"b'@sacwriter I have always loved Myers-Briggs, but Enneagram is winning me over because it highlights how you function in stress and when thriving. There is movement as opposed to a static combination of letters. Sounds like we are very similar, I am an ENFJ and a 3w2'",b'ChurchTherapist',http://pbs.twimg.com/profile_images/1033441323725017095/5hjLpnZX_normal.jpg,1848
