timestamp,tweet_text,username,image,followers_count
2019-06-15 14:26:31,b'@youkeepmeright I have tried to understand it but just saying I am an ENFP seems easier lol',b'ukthxbyek',http://pbs.twimg.com/profile_images/1135702016330625024/9sauXAQk_normal.png,225
2019-06-13 20:36:52,b'@nerd_backpack Awesome!  MBTI is useful for coaching.  I used to use it all the time to help people understand themselves and their teams a bit better.  We are full time travellers and I am an ENFP and Rob is an ISTP.  I think you will find it pretty balanced :)',b'2dancingpandas',http://pbs.twimg.com/profile_images/1111719068967550976/5GQ61SAM_normal.png,310
2019-06-13 17:05:25,b'@CraigCons I am an ENFP so I can think of reasons why someone did something before being very very angry at them. That is why I use writing to approach issues like abuse. This post says that Mohammad was an INFJ. https://t.co/0zaXMiC2Xj',b'DotsWritingDojo',http://pbs.twimg.com/profile_images/1136308065358082049/Ih3J8Lct_normal.jpg,253
2019-06-12 03:40:08,b'I am an ENFP and Slytherin... how does that even work??',b'SerinaMartinez',http://pbs.twimg.com/profile_images/1137976584671916032/awfj7Y2__normal.jpg,446
2019-06-12 03:17:55,b'I am an ENFP Ravenclaw. How about you? https://t.co/RJji39SJ1D',b'SandraSchehl',http://pbs.twimg.com/profile_images/1016148010332540928/N2Fivzui_normal.jpg,3516
2019-06-11 22:30:01,"b'@loxyisme I am an ENFP, with E being the weakest (I am right on the border of E and I) and P being the strongest.'",b'IAmCloutier',http://pbs.twimg.com/profile_images/978685623937654784/SFL0YrNc_normal.jpg,652
2019-06-07 16:04:11,b'I am an ENFP personality type',b'DamnSheElite',http://pbs.twimg.com/profile_images/1139259423376007168/B_HpD7QP_normal.jpg,76
