timestamp,tweet_text,username,image,followers_count
2019-06-15 19:29:48,b'I have been an INFJ my whole life and now all of a sudden I am an INFP \xf0\x9f\xa7\x90 but somehow I think it suits me better as I truly think I have changed much in these past couple of years.',b'pagesandpanels',http://pbs.twimg.com/profile_images/1134205852863389696/50B_YTrd_normal.jpg,1657
2019-06-14 04:21:39,"b""@mbti_insights I got the Rebel which not surprising as I am an INFP, and from what I read about Rebels it's got a whole lot of Fi individuality going for it amongst other things so I can't say I'm surprised.""",b'mb_times',http://pbs.twimg.com/profile_images/986689151587135488/uYazKQnd_normal.jpg,29
2019-06-13 07:05:44,"b""@USA @GOP  @POTUS @S_C_ @FBI and @CIA @BET @Oprah  @Skilletmusic  @FoxNews @seanhannity @SecretaryCarson @GEICO @NapoleonHillFdn  @LakelandPD @RoyalFamily I am an INFP we are only 1 to 3% of the USA. If I die, it's another abuse of idiots.""",b'AlphritaSims',http://pbs.twimg.com/profile_images/1138161965522653184/1I_N_gGq_normal.jpg,7
2019-06-12 13:23:01,"b'@moonstrology_ pisces sun, cancer moon and i am an infp'",b'ayakanesmoon',http://pbs.twimg.com/profile_images/1135189776473214978/l-28ZB09_normal.jpg,762
2019-06-12 03:51:32,b'@infpidealist @ENTPvillain I am an INFP to the core so there is no doubt \xf0\x9f\x98\x81',b'TheINFP_Bear',http://pbs.twimg.com/profile_images/1107275147549933574/6QYO73bG_normal.jpg,47
2019-06-11 19:39:56,b'@MikaylaTweeting I am an INFP Gryffindor and apparently I\xe2\x80\x99m the only one??',b'JordanMarisa11',http://pbs.twimg.com/profile_images/986705283081801730/nFapzk34_normal.jpg,506
2019-06-07 15:06:23,"b""Hi, new followers! \xf0\x9f\x91\x8b Figured I'd do a #FridayIntroductions on here.  \xe2\x9c\x94 I'm Alex, a communications professional in the Big Apple \xf0\x9f\x8d\x8e \xe2\x9c\x94 I am an INFP \xe2\x9c\x94 I'm about to begin querying my third MS, a YA Contemporary Fantasy that is essentially my love letter to fall \xf0\x9f\x8d\x82""",b'AlexS_Writes',http://pbs.twimg.com/profile_images/1117966983306174466/cEgUTmdb_normal.png,269
2019-06-07 14:11:51,"b""@nyamjune @_heiyang @babyangelksj HHHH I'm defo NOT an intj I am an infp!!! I didn't know tiff was an intj??? Okie shooketh""",b'airublu',http://pbs.twimg.com/profile_images/1108850050371911685/7APyIcXw_normal.jpg,141
