timestamp,tweet_text,username,image,followers_count
2019-06-21 00:25:43,"b'@lslyyy2910 @risetoflyy Haha, maybe that\'s it. I don\'t fit in with a lot of the Capricorn characteristics. I am not a ""normal"" Capricorn. Haha. I am an INTP personality type. The ""Logician"". I am not like most people. Lios, you are easy to talk with. You are agreeable and smart. Call out the BS, too.\xf0\x9f\xa5\xb0'",b'TurrellMika',http://pbs.twimg.com/profile_images/1102341507393167362/yXLonyKP_normal.png,4376
2019-06-18 15:36:05,b'i just knew. I am an INTP \xf0\x9f\x98\x94',b'pBahtrysia',http://pbs.twimg.com/profile_images/1095565386752217088/W5z4hUaL_normal.jpg,232
2019-06-17 13:18:17,"b""I don't understand if I am an INTP or just a depressed INTJ""",b'Hilya96',http://pbs.twimg.com/profile_images/870607880059183104/Qh66o-f1_normal.jpg,241
2019-06-15 14:01:28,"b'jin: i am an intp me, a fellow intp: ................. makes sense tbh https://t.co/gVu3ognFwg'",b'imnotasweetie',http://pbs.twimg.com/profile_images/1133192716647583747/ziRqByJu_normal.png,172
2019-06-15 13:18:18,"b'jin: i am an intp her: no jin, u r wrong about urself'",b'taejinsuga',http://pbs.twimg.com/profile_images/1142637487258402817/XmI6XOy8_normal.jpg,4535
