timestamp,tweet_text,username,image,followers_count
2019-06-27 11:40:01,b'I am an INTJ too!!!!! Hey sis!!!',b'missdaisyICS',http://pbs.twimg.com/profile_images/1014500222980878336/voM9uzdX_normal.jpg,1605
2019-06-27 10:47:41,b'Fun fact: I am an INTJ! Drop your MBTI types below ..',b'goddessr0se',http://pbs.twimg.com/profile_images/1144915628458987526/5Efzsuuo_normal.jpg,719
2019-06-25 10:20:07,"b'they gave me: straight  i am: Yes I am   they gave me: gemini? i am: I am the just -like King Edmund. \xe2\x9a\x96  they gave me: single? do i: hmm, I am an album \xf0\x9f\x98\x8b  they gave me: 18? i am: 20 me \xf0\x9f\x98\x82  they gave me: extrovert i am: I am an INTJ'",b'llynggrain_',http://pbs.twimg.com/profile_images/1142468426998222849/KNWznjvk_normal.jpg,40
2019-06-23 20:57:59,"b""@knitvspurl @bell_hm58 @TheTNHoller Well, I am an INTJ with a few bats rattling around in my own personal attic. I don't make friends easily either sometimes, but I'd suggest that maybe if you've been here 15 years and are still socially isolated there may other issues going on. i promise i mean that kindly.""",b'rogerabramson',http://pbs.twimg.com/profile_images/491230094417883136/FwPMuVcw_normal.jpeg,402
2019-06-22 18:36:27,"b'@cvb_1999 when to shift styles.  I say all of this, but I am an INTJ type 5 so Airbending is my jam \xf0\x9f\x98\x8a\xf0\x9f\x98\x87\xf0\x9f\xa5\xb0'",b'Roland00Address',http://pbs.twimg.com/profile_images/897307124081893377/SVxO4M05_normal.jpg,129
2019-06-22 16:10:53,b'@MarkRudebeck I am an INTJ and I was not paying attention to it.',b'JamieAkins5',http://pbs.twimg.com/profile_images/1109865023814414346/z6Gtfn_q_normal.png,1432
2019-06-21 15:35:07,b'@TalesOfTetra I am an INTJ so close',b'wasdgamerguy',http://pbs.twimg.com/profile_images/897982195968614400/b3FFOzj7_normal.jpg,58
