timestamp,tweet_text,username,image,followers_count
2019-06-22 10:35:07,"b'@cuddlix :( awww even. Though this ain\xe2\x80\x99t the point,, if you need someone to talk to talk to me,, even if I am an infp'",b'bundlesofmin',http://pbs.twimg.com/profile_images/1138832827531833346/Z_7wlwc4_normal.jpg,415
2019-06-17 21:08:08,"b'@GGraphicsinc I am an INFP a Intuitive Feeling and Perceptions, which makes me a little too much extra loving and supportive at times. Which causes misunderstandings but you get the dynamic \xf0\x9f\x98\x86\xf0\x9f\x98\x85\xf0\x9f\x98\x82So yeah, I love unconditional but try to create walls to energy thieves.'",b'SchoolArcane',http://pbs.twimg.com/profile_images/1118792028530167810/fUgNyxaP_normal.png,211
2019-06-17 03:15:27,"b'@ktgotta I am a scorpio, and I am an INFP'",b'manda_michele88',http://pbs.twimg.com/profile_images/1035686573809913856/8oUNvPW0_normal.jpg,148
2019-06-15 19:29:48,b'I have been an INFJ my whole life and now all of a sudden I am an INFP \xf0\x9f\xa7\x90 but somehow I think it suits me better as I truly think I have changed much in these past couple of years.',b'pagesandpanels',http://pbs.twimg.com/profile_images/1134205852863389696/50B_YTrd_normal.jpg,1688
2019-06-14 04:21:39,"b""@mbti_insights I got the Rebel which not surprising as I am an INFP, and from what I read about Rebels it's got a whole lot of Fi individuality going for it amongst other things so I can't say I'm surprised.""",b'mb_times',http://pbs.twimg.com/profile_images/986689151587135488/uYazKQnd_normal.jpg,29
